{
  "Andhra Pradesh": ["Anantapur", "Chittoor", "East Godavari", "Guntur", "Krishna", "Kurnool", "Nellore", "Prakasam", "Srikakulam", "Visakhapatnam", "Vizianagaram", "West Godavari", "YSR Kadapa"],
  "Telangana": ["Adilabad", "Bhadradri Kothagudem", "Hyderabad", "Karimnagar", "Khammam", "Mahabubnagar", "Medak", "Nalgonda", "Nizamabad", "Ranga Reddy", "Warangal"],
  "Tamil Nadu": ["Chennai", "Coimbatore", "Madurai", "Salem", "Trichy", "Thanjavur", "Erode", "Tirunelveli", "Vellore", "Villupuram"],
  "Karnataka": ["Bengaluru Urban", "Bengaluru Rural", "Mysuru", "Belagavi", "Ballari", "Kalaburagi", "Davangere", "Tumakuru", "Shivamogga"],
  "Maharashtra": ["Mumbai", "Pune", "Nagpur", "Nashik", "Aurangabad", "Kolhapur", "Thane", "Solapur", "Latur"],
  "Gujarat": ["Ahmedabad", "Surat", "Vadodara", "Rajkot", "Bhavnagar", "Jamnagar", "Junagadh", "Kutch"],
  "Kerala": ["Thiruvananthapuram", "Kollam", "Pathanamthitta", "Alappuzha", "Kottayam", "Ernakulam", "Thrissur", "Palakkad", "Kozhikode", "Kannur"],
  "Madhya Pradesh": ["Bhopal", "Indore", "Gwalior", "Jabalpur", "Ujjain", "Rewa", "Sagar", "Satna"],
  "Uttar Pradesh": ["Lucknow", "Varanasi", "Kanpur", "Agra", "Noida", "Prayagraj", "Gorakhpur", "Bareilly"],
  "Bihar": ["Patna", "Gaya", "Muzaffarpur", "Bhagalpur", "Nalanda", "Darbhanga"],
  "West Bengal": ["Kolkata", "Howrah", "Darjeeling", "Siliguri", "Durgapur", "Bardhaman", "Midnapore"],
  "Rajasthan": ["Jaipur", "Jodhpur", "Udaipur", "Ajmer", "Alwar", "Kota", "Bikaner"],
  "Punjab": ["Amritsar", "Ludhiana", "Jalandhar", "Patiala", "Bathinda", "Moga"],
  "Haryana": ["Gurugram", "Faridabad", "Panipat", "Ambala", "Karnal", "Hisar"],
  "Odisha": ["Bhubaneswar", "Cuttack", "Puri", "Rourkela", "Sambalpur", "Balasore"],
  "Jharkhand": ["Ranchi", "Jamshedpur", "Dhanbad", "Hazaribagh", "Bokaro"],
  "Chhattisgarh": ["Raipur", "Bilaspur", "Durg", "Korba", "Jagdalpur"],
  "Assam": ["Guwahati", "Silchar", "Jorhat", "Dibrugarh", "Tezpur"],
  "Delhi": ["New Delhi", "North Delhi", "South Delhi", "East Delhi", "West Delhi"],
  "Himachal Pradesh": ["Shimla", "Kangra", "Mandi", "Solan", "Kullu"],
  "Uttarakhand": ["Dehradun", "Haridwar", "Nainital", "Rudrapur", "Pauri Garhwal"],
  "Goa": ["Panaji", "Margao", "Mapusa"],
  "Tripura": ["Agartala", "Udaipur", "Dharmanagar", "Kailasahar"],
  "Manipur": ["Imphal East", "Imphal West", "Thoubal", "Churachandpur"],
  "Meghalaya": ["East Khasi Hills", "West Garo Hills", "South Garo Hills", "Ri Bhoi"],
  "Mizoram": ["Aizawl", "Lunglei", "Champhai", "Serchhip"],
  "Nagaland": ["Kohima", "Dimapur", "Mokokchung", "Tuensang"],
  "Sikkim": ["Gangtok", "Namchi", "Mangan", "Gyalshing"],
  "Arunachal Pradesh": ["Itanagar", "Pasighat", "Tawang", "Ziro"],
  "Andaman and Nicobar Islands": ["Port Blair", "Nicobar", "North and Middle Andaman"],
  "Chandigarh": ["Chandigarh"],
  "Dadra and Nagar Haveli and Daman and Diu": ["Daman", "Diu", "Silvassa"],
  "Ladakh": ["Leh", "Kargil"],
  "Lakshadweep": ["Kavaratti"],
  "Puducherry": ["Puducherry", "Karaikal", "Mahe", "Yanam"],
  "Jammu and Kashmir": ["Srinagar", "Jammu", "Baramulla", "Pulwama", "Kathua"]
}
